{
  "1": {
    "weight": 2272.2999999999997
  },
  "2": {
    "weight": 2060.5
  },
  "3": {
    "weight": 1523.0999999999997
  },
  "4": {},
  "5": {},
  "6": {},
  "7": {},
  "8": {},
  "9": {},
  "10": {},
  "11": {},
  "12": {}
}