{
  "1": {
    "weight": 2272.2999999999997
  },
  "2": {
    "weight": 2060.5
  },
  "3": {
    "weight": 2258.5999999999995
  },
  "4": {
    "weight": 2215.000000000001
  },
  "5": {
    "weight": 2300.4
  },
  "6": {
    "weight": 731.6
  },
  "7": {},
  "8": {},
  "9": {},
  "10": {},
  "11": {},
  "12": {}
}