{
  "1": {
    "weight": 2272.2999999999997
  },
  "2": {
    "weight": 659.6999999999999
  },
  "3": {},
  "4": {},
  "5": {},
  "6": {},
  "7": {},
  "8": {},
  "9": {},
  "10": {},
  "11": {},
  "12": {}
}