{
  "1": {
    "weight": 2272.2999999999997
  },
  "2": {
    "weight": 2060.5
  },
  "3": {
    "weight": 2258.5999999999995
  },
  "4": {
    "weight": 2215.000000000001
  },
  "5": {
    "weight": 2300.4
  },
  "6": {
    "weight": 2191.6
  },
  "7": {
    "weight": 2265.7000000000007
  },
  "8": {
    "weight": 2271.099999999999
  },
  "9": {
    "weight": 2192.999999999999
  },
  "10": {
    "weight": 1023.4000000000002
  },
  "11": {},
  "12": {}
}