{
  "1": 35649.988558,
  "2": 21157.430516,
  "3": 18178.309944,
  "4": 34522.010527,
  "5": 9457.539277,
  "6": 6179.057965,
  "7": 23024.6392,
  "8": 21216.877085,
  "9": 11068.905112,
  "10": 3342.19589,
  "11": 983.397705,
  "12": 7921.754648,
  "13": 2348.45857,
  "14": 2295.084154,
  "15": 5301.382028,
  "16": 6186.881056,
  "17": 15587.466888,
  "18": 12026.266753,
  "19": 6749.397215,
  "20": 6749.397215,
  "21": 7987.726488,
  "22": 21973.653337,
  "23": 12961.766237,
  "24": 7999.062545,
  "25": 9388.534056,
  "26": 31266.103104,
  "27": 659.171566,
  "28": 24960.435138,
  "29": 11991.157282,
  "30": 11859.752374
}