{
  "2020-10-4": 18570.576337,
  "2020-10-5": 33943.199154,
  "2020-10-6": 0,
  "2020-10-7": 0,
  "2020-10-8": 0,
  "2020-10-9": 0,
  "2020-10-10": 0
}