{
  "2019": 761539.7373129998,
  "2020": 3748879.8777490025
}