{
  "2019": 761539.7373129998,
  "2020": 3373434.7973330016
}