{
  "2019": 761539.7373129998,
  "2020": 4022603.757472002
}