{
  "2019": 761539.7373129998,
  "2020": 3660093.561920002
}