{
  "2019": 761539.7373129998,
  "2020": 3314801.3982910016
}