{
  "2019": 761539.7373129998,
  "2020": 4077314.8628790025
}