{
  "2019": 761539.7373129998,
  "2020": 3924743.7477940023
}