{
  "2019": 761539.7373129998,
  "2020": 3632093.211192002
}