{
  "2019": 761539.7373129998,
  "2020": 3472577.720800002
}