{
  "2019": 761539.7373129998,
  "2020": 3101836.0246310006
}