{
  "2019": 761539.7373129998,
  "2020": 3458355.822829002
}