{
  "2019": 761539.7373129998,
  "2020": 3617011.447770002
}