{
  "2019": 761539.7373129998,
  "2020": 4060795.1511610025
}