{
  "2019": 761539.7373129998,
  "2020": 3787720.3421830027
}