{
  "2019": 761539.7373129998,
  "2020": 3082146.8796750004
}