{
  "2019": 761539.7373129998,
  "2020": 3796110.6032970026
}