{
  "2019": 761539.7373129998,
  "2020": 3709991.2426290023
}