{
  "2019": 761539.7373129998,
  "2020": 3829142.9900700026
}