{
  "2019": 761539.7373129998,
  "2020": 3896329.7505300026
}