{
  "2019": 761539.7373129998,
  "2020": 3087271.5224190005
}