{
  "2019": 761539.7373129998,
  "2020": 3524160.3070620024
}