{
  "2019": 761539.7373129998,
  "2020": 3206766.028983001
}