{
  "2019": 761539.7373129998,
  "2020": 4077289.2439970025
}