{
  "2019": 761539.7373129998,
  "2020": 4114160.277687003
}