{
  "2019": 761539.7373129998,
  "2020": 4168545.0780730033
}