{
  "2019": 761539.7373129998,
  "2020": 4091622.7930340027
}