{
  "2019": 761539.7373129998,
  "2020": 3537673.493056002
}