{
  "2019": 761539.7373129998,
  "2020": 3446910.457526002
}