{
  "2019": 761539.7373129998,
  "2020": 3880667.9337840024
}