{
  "2019": 761539.7373129998,
  "2020": 3405681.4898180016
}