{
  "2019": 761539.7373129998,
  "2020": 3821197.6052930024
}