{
  "2019": 761539.7373129998,
  "2020": 3972634.1280200025
}