{
  "2019": 761539.7373129998,
  "2020": 4045386.3805910023
}