{
  "2019": 761539.7373129998,
  "2020": 4241771.246118004
}