{
  "2019": 761539.7373129998,
  "2020": 3961241.6322860024
}