{
  "2019": 761539.7373129998,
  "2020": 3985883.3720490024
}