{
  "2019": 761539.7373129998,
  "2020": 3261837.7206150014
}