{
  "2019": 761539.7373129998,
  "2020": 3740147.6956920023
}