{
  "2019": 761539.7373129998,
  "2020": 3113312.0639070007
}