{
  "2019": 761539.7373129998,
  "2020": 3699982.8391440026
}