{
  "2019": 761539.7373129998,
  "2020": 3527303.611317002
}