{
  "2019": 761539.7373129998,
  "2020": 3716669.020776002
}