{
  "2019": 761539.7373129998,
  "2020": 4187284.6420950033
}