{
  "2019": 761539.7373129998,
  "2020": 4151348.6564920032
}