{
  "2019": 761539.7373129998,
  "2020": 4079897.8245670022
}