{
  "2019": 761539.7373129998,
  "2020": 4190734.5472750035
}