{
  "2019": 761539.7373129998,
  "2020": 3689166.8051970024
}