{
  "2019": 761539.7373129998,
  "2020": 3505959.336513002
}