{
  "2019": 761539.7373129998,
  "2020": 3221714.3719630013
}