{
  "2019": 761539.7373129998,
  "2020": 3777218.6519910027
}