{
  "2019": 761539.7373129998,
  "2020": 3561275.929280002
}