{
  "2019": 761539.7373129998,
  "2020": 3118576.4436170007
}