{
  "2019": 761539.7373129998,
  "2020": 3431174.1471160017
}