{
  "2019": 761539.7373129998,
  "2020": 3905276.3877920024
}