{
  "2019": 761539.7373129998,
  "2020": 3166663.704835001
}