{
  "2019": 761539.7373129998,
  "2020": 3788771.2977360026
}