{
  "2019": 761539.7373129998,
  "2020": 4120934.031586003
}